Industry,AvgReturn,Volatility
Solar,0.0012543932564422512,0.04229120754877891
Semiconductors,0.0014210097569581825,0.02838869817425058
Computer Hardware,9.073457723934148E-4,0.025088068694796368
Semiconductor Equipment & Materials,0.0010623361351632537,0.02428030549950071
Software - Application,7.531987322759906E-4,0.020876858387267144
Software - Infrastructure,9.264412381495802E-4,0.020826073812496255
Communication Equipment,5.978955084884531E-4,0.017613262171385535
Electronic Components,6.00477284883338E-4,0.01732610326997517
